variable,count,mean,std,min,25%,50%,75%,max,original
dummy1,1000.0,-0.000323092182950487,0.011230681498423361,-0.0354762200698104,-0.008146289904295126,-0.0003170388224411,0.0071068105889078,0.0429260637282311,-0.012127802653854
dummy2,1000.0,0.0004059316220467915,0.010486584684638069,-0.0358044923135949,-0.006661738159059575,0.0005482352508892,0.0074699480441631,0.0400270580319563,-0.0023000690326782
x1,1000.0,0.06989933247930535,2.961873295310729,-9.241422356079424,-1.795880908778516,0.05348917469593275,2.007130780662884,28.20448851044563,28.20448851044563
x2,1000.0,0.08669309418439482,8.112712129415184,-23.727763629598893,-5.431299411792542,0.11424959716792621,5.535616590158214,75.05269802509113,75.05269802509113
x3,1000.0,0.017239901094350574,1.9003245121473569,-6.6279359178131045,-1.2452420193974314,0.0073285565700036,1.2573321337930543,17.75453759572191,17.75453759572191
